{
  "predictor_dir": "results\\vq_sae_predictor_imgloss_2",
  "vq_sae_dir": "results\\vq_sae_baseline_4",
  "levels": {
    "1": {
      "scores": [
        0.080049529671669,
        0.1750786453485489,
        0.055569957941770554
      ],
      "mean_score": 0.10356604432066281
    },
    "2": {
      "scores": [
        0.13490436971187592,
        0.019570088014006615,
        0.1014212816953659
      ],
      "mean_score": 0.08529857980708282
    },
    "3": {
      "scores": [
        0.11380709707736969,
        0.0999169647693634,
        0.03261442109942436
      ],
      "mean_score": 0.08211282764871915
    },
    "4": {
      "scores": [
        0.2616574168205261,
        0.10081315040588379,
        0.21302063763141632
      ],
      "mean_score": 0.19183040161927542
    },
    "5": {
      "scores": [
        0.07784995436668396,
        0.03245029225945473,
        0.05684405192732811
      ],
      "mean_score": 0.05571476618448893
    },
    "6": {
      "scores": [
        0.16861221194267273,
        0.1268853098154068,
        0.20251554250717163
      ],
      "mean_score": 0.1660043547550837
    },
    "7": {
      "scores": [
        0.24750156700611115,
        0.1288965493440628,
        0.11903013288974762
      ],
      "mean_score": 0.16514274974664053
    }
  },
  "mean_score": 0.12138138915456477,
  "total_score": 2.54900917224586
}