{
  "predictor_dir": "results\\vq_sae_lowent_probe_1",
  "vq_sae_dir": "results\\vq_sae_lowent_1",
  "levels": {
    "1": {
      "scores": [
        0.060863133519887924,
        0.25201234221458435,
        0.11564382165670395
      ],
      "mean_score": 0.14283976579705873
    },
    "2": {
      "scores": [
        0.21406258642673492,
        0.11382229626178741,
        0.2409757375717163
      ],
      "mean_score": 0.18962020675341287
    },
    "3": {
      "scores": [
        0.5388765335083008,
        0.6890084147453308,
        0.5112828612327576
      ],
      "mean_score": 0.5797226031621298
    },
    "4": {
      "scores": [
        0.37461602687835693,
        0.11702606827020645,
        0.11667594313621521
      ],
      "mean_score": 0.20277267942825952
    },
    "5": {
      "scores": [
        0.10163041204214096,
        0.08009249716997147,
        0.05601495876908302
      ],
      "mean_score": 0.07924595599373181
    },
    "6": {
      "scores": [
        0.1802324801683426,
        0.06722892820835114,
        0.22693145275115967
      ],
      "mean_score": 0.15813095370928446
    },
    "7": {
      "scores": [
        0.2944279611110687,
        0.06777185201644897,
        0.19721829891204834
      ],
      "mean_score": 0.1864727040131887
    }
  },
  "mean_score": 0.21982926697958083,
  "total_score": 4.6164146065711975
}