{
  "mask_weights_dir": "results/dct_sigma_td16_mask_mixed_1",
  "residual_weights_dir": "results/dct_sigma_td16_conditional_mixed_2",
  "split": "test",
  "hdf5_path": "dataset_lung_td16_pilot\\level_1\\data.h5",
  "residual_model_type": "conditional",
  "mask_threshold": 0.02,
  "prob_threshold": 0.5,
  "external_mask_metrics": {
    "precision": 0.06622820484385142,
    "recall": 0.29139781976172313,
    "f1": 0.08918747112205296,
    "iou": 0.054493039792126705,
    "accuracy": 0.7773371104815865
  },
  "internal_prediction_metrics": {
    "mae_mean": 0.03396450011195147,
    "rmse_mean": 0.09497932750426985,
    "rel_l2_mean": 262196195.57876334,
    "active_rel_l2_mean": 0.9503349208152935
  },
  "residual_only_metrics": {
    "mae_mean": 0.051471013171366674,
    "rmse_mean": 0.10998502951051282,
    "rel_l2_mean": 510452316.9098171,
    "active_rel_l2_mean": 0.9054769582366182
  },
  "external_soft_fusion_metrics": {
    "mae_mean": 0.034532906509699236,
    "rmse_mean": 0.09589425244246197,
    "rel_l2_mean": 273929198.4980294,
    "active_rel_l2_mean": 0.9494659123209342
  },
  "external_hard_fusion_metrics": {
    "mae_mean": 0.03193660671264465,
    "rmse_mean": 0.1068666460200401,
    "rel_l2_mean": 444653866.49259096,
    "active_rel_l2_mean": 0.9405956678449543
  },
  "internal_mask_metrics": {
    "precision": 0.03766523825392819,
    "recall": 0.4237786864414919,
    "f1": 0.06458526754262033,
    "iou": 0.03585507942206736,
    "accuracy": 0.6061783353568055
  }
}