{
  "mask_weights_dir": "results/dct_sigma_td16_mask_os3_mixed_1",
  "residual_weights_dir": "results/dct_sigma_td16_spatial_mixed_1",
  "split": "test",
  "hdf5_path": "dataset_lung_td16_pilot\\level_1\\data.h5",
  "residual_model_type": "spatial",
  "mask_threshold": 0.02,
  "prob_threshold": 0.5,
  "external_mask_metrics": {
    "precision": 0.053531754598729504,
    "recall": 0.31629555224359274,
    "f1": 0.07990695109445015,
    "iou": 0.047647276034106276,
    "accuracy": 0.7581854271453622
  },
  "internal_prediction_metrics": {
    "mae_mean": 0.031470861314456325,
    "rmse_mean": 0.09226901084101842,
    "rel_l2_mean": 206925415.09858674,
    "active_rel_l2_mean": 0.9620560775844111
  },
  "residual_only_metrics": {
    "mae_mean": 0.04649937451084634,
    "rmse_mean": 0.10295010587083944,
    "rel_l2_mean": 396974499.1280661,
    "active_rel_l2_mean": 0.9281007884995459
  },
  "external_soft_fusion_metrics": {
    "mae_mean": 0.03178886976455777,
    "rmse_mean": 0.09261767292055578,
    "rel_l2_mean": 211956248.80747384,
    "active_rel_l2_mean": 0.9614387935725748
  },
  "external_hard_fusion_metrics": {
    "mae_mean": 0.029405888354936686,
    "rmse_mean": 0.09972300823057431,
    "rel_l2_mean": 335480148.4246363,
    "active_rel_l2_mean": 0.9472947193545046
  },
  "internal_mask_metrics": {
    "precision": 0.03070284719472605,
    "recall": 0.30936874779282686,
    "f1": 0.05217685811787098,
    "iou": 0.02845412344921196,
    "accuracy": 0.6273689079031046
  }
}