{
  "hdf5_path": "dataset_lung_td16_active/level_1/data.h5",
  "split": "test",
  "calibration_split": "val",
  "num_samples": 6,
  "mesh_shape": "circle",
  "mesh_h0": 0.12,
  "grid_size": 32,
  "p": 0.2,
  "lamb": 0.01,
  "ratio": 0.1,
  "blur_s": 20.0,
  "active_threshold": 0.02,
  "alpha": 1.6980197654510012e-08,
  "reconstruction_time_sec": 0.0,
  "calibration_time_sec": 0.0015621185302734375,
  "mae32_mean": 0.062424179152571486,
  "rmse32_mean": 0.12785674187292442,
  "rel_l2_32_mean": 1.1146023581494404,
  "active_rel_l2_32_mean": 1.020324602212322,
  "mae256_mean": 0.062173590807223435,
  "rmse256_mean": 0.15055196703004203,
  "rel_l2_256_mean": 1.063790883984092,
  "active_rel_l2_256_mean": 1.0097714472383374
}