{
  "background_sigma": 0.8035810551656527,
  "train_sample_1": {
    "sigma_bg": 0.8025753650226843,
    "sigma_1": 0.0001,
    "sigma_2": 10.300265542191646,
    "has_class1": true,
    "has_class2": true,
    "loss": 3.2275822918570807,
    "nfev": 136,
    "elapsed_s": 20.78527593612671,
    "success": true,
    "E_gap_mean": -0.0003248923716526481,
    "E_gap_std": 0.03701129550517072,
    "relative_error": 0.08363434771266301
  },
  "train_sample_2": {
    "sigma_bg": 0.7949126209137952,
    "sigma_1": 0.0001,
    "sigma_2": 4.999581891815496,
    "has_class1": true,
    "has_class2": true,
    "loss": 3.3272503887538396,
    "nfev": 60,
    "elapsed_s": 8.655912399291992,
    "success": true,
    "E_gap_mean": -0.000314264914236272,
    "E_gap_std": 0.037578540866286494,
    "relative_error": 0.0847049339208955
  },
  "train_sample_3": {
    "sigma_bg": 0.8176106084075075,
    "sigma_1": null,
    "sigma_2": 4.999991059132451,
    "has_class1": false,
    "has_class2": true,
    "loss": 2.5152448051002496,
    "nfev": 39,
    "elapsed_s": 5.379768371582031,
    "success": true,
    "E_gap_mean": -0.00029049340543556035,
    "E_gap_std": 0.03267272237238994,
    "relative_error": 0.0774850307760992
  },
  "train_sample_4": {
    "sigma_bg": 0.862741851197507,
    "sigma_1": 0.0001,
    "sigma_2": null,
    "has_class1": true,
    "has_class2": false,
    "loss": 2.837599320012572,
    "nfev": 57,
    "elapsed_s": 8.087438583374023,
    "success": true,
    "E_gap_mean": -0.00030137025029217395,
    "E_gap_std": 0.034703359330371594,
    "relative_error": 0.08466498800130826
  },
  "eval_L1_S1": {
    "sigma_bg": 0.8007709099946546,
    "sigma_1": 0.0001,
    "sigma_2": null,
    "has_class1": true,
    "has_class2": false,
    "loss": 3.5650215135902243,
    "nfev": 57,
    "elapsed_s": 8.20732045173645,
    "success": true,
    "E_gap_mean": -0.0003126061008579171,
    "E_gap_std": 0.0388981915205266,
    "relative_error": 0.08682281491608247
  },
  "eval_L1_S2": {
    "sigma_bg": 0.7965379102551857,
    "sigma_1": null,
    "sigma_2": 3.5781667637162236,
    "has_class1": false,
    "has_class2": true,
    "loss": 2.6730486086702476,
    "nfev": 90,
    "elapsed_s": 13.972540855407715,
    "success": true,
    "E_gap_mean": -0.0002679092814642676,
    "E_gap_std": 0.03368232387128272,
    "relative_error": 0.07804032078425589
  },
  "eval_L1_S3": {
    "sigma_bg": 0.8607437115286967,
    "sigma_1": 0.0001,
    "sigma_2": null,
    "has_class1": true,
    "has_class2": false,
    "loss": 3.0052684129792215,
    "nfev": 60,
    "elapsed_s": 8.630016803741455,
    "success": true,
    "E_gap_mean": -0.0002989178752012013,
    "E_gap_std": 0.03571402341592823,
    "relative_error": 0.08571353891906741
  },
  "eval_L2_S1": {
    "sigma_bg": 0.8019366347052682,
    "sigma_1": null,
    "sigma_2": 4.9999303931173715,
    "has_class1": false,
    "has_class2": true,
    "loss": 2.6812507293191707,
    "nfev": 78,
    "elapsed_s": 11.109092712402344,
    "success": true,
    "E_gap_mean": -0.00026680850259427647,
    "E_gap_std": 0.03373397257163286,
    "relative_error": 0.07834310588816489
  },
  "eval_L2_S2": {
    "sigma_bg": 0.8457876626703932,
    "sigma_1": 0.0001,
    "sigma_2": null,
    "has_class1": true,
    "has_class2": false,
    "loss": 3.3780336073934913,
    "nfev": 66,
    "elapsed_s": 9.569278717041016,
    "success": true,
    "E_gap_mean": -0.00025838879277293553,
    "E_gap_std": 0.03786467453879007,
    "relative_error": 0.09042008689184146
  },
  "eval_L2_S3": {
    "sigma_bg": 0.8057692482559975,
    "sigma_1": null,
    "sigma_2": 4.99977548850918,
    "has_class1": false,
    "has_class2": true,
    "loss": 2.522836056276315,
    "nfev": 69,
    "elapsed_s": 9.258031606674194,
    "success": true,
    "E_gap_mean": -0.00030151275915029876,
    "E_gap_std": 0.03272189414943505,
    "relative_error": 0.07689521436670863
  },
  "eval_L3_S1": {
    "sigma_bg": 0.8431851062017195,
    "sigma_1": 0.0001,
    "sigma_2": null,
    "has_class1": true,
    "has_class2": false,
    "loss": 4.903427496557674,
    "nfev": 117,
    "elapsed_s": 16.12414813041687,
    "success": false,
    "E_gap_mean": -0.00023372178576021012,
    "E_gap_std": 0.04562013189137351,
    "relative_error": 0.10301913266521472
  },
  "eval_L3_S2": {
    "sigma_bg": 0.8109423676117394,
    "sigma_1": 0.0035264419561508377,
    "sigma_2": null,
    "has_class1": true,
    "has_class2": false,
    "loss": 3.746185595457937,
    "nfev": 72,
    "elapsed_s": 10.534579038619995,
    "success": true,
    "E_gap_mean": -0.00039402311462687436,
    "E_gap_std": 0.039873632183658796,
    "relative_error": 0.08782215300613297
  },
  "eval_L3_S3": {
    "sigma_bg": 0.8075697879981485,
    "sigma_1": null,
    "sigma_2": 0.31518279886095835,
    "has_class1": false,
    "has_class2": true,
    "loss": 2.778747248637136,
    "nfev": 204,
    "elapsed_s": 30.13780903816223,
    "success": true,
    "E_gap_mean": -0.00029767844498772213,
    "E_gap_std": 0.03434160310182526,
    "relative_error": 0.07945502898953324
  },
  "eval_L4_S1": {
    "sigma_bg": 0.8133868017022974,
    "sigma_1": 0.0001,
    "sigma_2": 4.999924228956046,
    "has_class1": true,
    "has_class2": true,
    "loss": 3.6023615456095275,
    "nfev": 68,
    "elapsed_s": 9.563350200653076,
    "success": true,
    "E_gap_mean": -0.00024439524618713525,
    "E_gap_std": 0.03910186961170365,
    "relative_error": 0.08908762430896149
  },
  "eval_L4_S2": {
    "sigma_bg": 0.810009354397931,
    "sigma_1": 0.0001,
    "sigma_2": 4.999984680142543,
    "has_class1": true,
    "has_class2": true,
    "loss": 3.31162449333171,
    "nfev": 68,
    "elapsed_s": 9.622402906417847,
    "success": true,
    "E_gap_mean": -0.00031275124983515826,
    "E_gap_std": 0.03749020271051222,
    "relative_error": 0.08551864087510383
  },
  "eval_L4_S3": {
    "sigma_bg": 0.8434546985030045,
    "sigma_1": 0.0271058294527512,
    "sigma_2": 1.5193437373703518,
    "has_class1": true,
    "has_class2": true,
    "loss": 4.641092681375621,
    "nfev": 288,
    "elapsed_s": 41.906625270843506,
    "success": true,
    "E_gap_mean": -0.0005233325454977738,
    "E_gap_std": 0.0443805096642878,
    "relative_error": 0.0932640394139734
  },
  "eval_L5_S1": {
    "sigma_bg": 0.7907760711119078,
    "sigma_1": 0.0001,
    "sigma_2": 4.99894091326543,
    "has_class1": true,
    "has_class2": true,
    "loss": 3.983706029561356,
    "nfev": 96,
    "elapsed_s": 14.651246309280396,
    "success": true,
    "E_gap_mean": -0.00030565680814177026,
    "E_gap_std": 0.04111913783726356,
    "relative_error": 0.09034306508872492
  },
  "eval_L5_S2": {
    "sigma_bg": 0.7976103583852874,
    "sigma_1": 0.0001,
    "sigma_2": null,
    "has_class1": true,
    "has_class2": false,
    "loss": 4.207857007201821,
    "nfev": 51,
    "elapsed_s": 7.120269298553467,
    "success": true,
    "E_gap_mean": -0.00030321945569360077,
    "E_gap_std": 0.042260211350576546,
    "relative_error": 0.09264728090354334
  },
  "eval_L5_S3": {
    "sigma_bg": 0.8273276272429386,
    "sigma_1": null,
    "sigma_2": 3.8312779934427255,
    "has_class1": false,
    "has_class2": true,
    "loss": 2.4957690410512,
    "nfev": 405,
    "elapsed_s": 60.33549094200134,
    "success": true,
    "E_gap_mean": -0.00028559232755660693,
    "E_gap_std": 0.032546015997857516,
    "relative_error": 0.07772251914098285
  },
  "eval_L6_S1": {
    "sigma_bg": 0.840838598793563,
    "sigma_1": null,
    "sigma_2": 9.426914551398017,
    "has_class1": false,
    "has_class2": true,
    "loss": 2.068743410472006,
    "nfev": 108,
    "elapsed_s": 18.003393411636353,
    "success": true,
    "E_gap_mean": -0.0002812473877599625,
    "E_gap_std": 0.029630986358354997,
    "relative_error": 0.07378911638421463
  },
  "eval_L6_S2": {
    "sigma_bg": 0.8273077198549641,
    "sigma_1": 0.0001,
    "sigma_2": 5.000067089788472,
    "has_class1": true,
    "has_class2": true,