{
  "1": {
    "scores": [
      0.8477165699005127,
      0.8792797327041626,
      0.7076479196548462
    ],
    "sum_score": 2.4346442222595215,
    "mean_score": 0.8115480740865072
  },
  "2": {
    "scores": [
      0.7687864303588867,
      0.68992680311203,
      0.7599548101425171
    ],
    "sum_score": 2.218668043613434,
    "mean_score": 0.7395560145378113
  },
  "3": {
    "scores": [
      0.5987488031387329,
      0.8844691514968872,
      0.575268566608429
    ],
    "sum_score": 2.058486521244049,
    "mean_score": 0.6861621737480164
  },
  "4": {
    "scores": [
      0.6758414506912231,
      0.2646719515323639,
      0.4094407558441162
    ],
    "sum_score": 1.3499541580677032,
    "mean_score": 0.44998471935590106
  },
  "5": {
    "scores": [
      0.18840736150741577,
      0.693181037902832,
      0.6885697245597839
    ],
    "sum_score": 1.5701581239700317,
    "mean_score": 0.5233860413233439
  },
  "6": {
    "scores": [
      0.7240263223648071,
      0.5960981845855713,
      0.23290812969207764
    ],
    "sum_score": 1.553032636642456,
    "mean_score": 0.5176775455474854
  },
  "7": {
    "scores": [
      0.3039267659187317,
      0.17757731676101685,
      0.7648482322692871
    ],
    "sum_score": 1.2463523149490356,
    "mean_score": 0.41545077164967853
  }
}