{
  "background_sigma": 0.8035810551656527,
  "fix_bg": true,
  "train_sample_1": {
    "sigma_bg": 0.8035810551656527,
    "sigma_1": 0.0001,
    "sigma_2": 12.629282303538046,
    "has_class1": true,
    "has_class2": true,
    "fix_bg": true,
    "loss": 3.2329682017130468,
    "nfev": 78,
    "elapsed_s": 10.676833391189575,
    "success": true,
    "E_gap_mean": -0.0003315356250828847,
    "E_gap_std": 0.03704210677041097,
    "relative_error": 0.08370409950468449
  },
  "train_sample_2": {
    "sigma_bg": 0.8035810551656527,
    "sigma_1": 0.0001,
    "sigma_2": 3.569205268514114,
    "has_class1": true,
    "has_class2": true,
    "fix_bg": true,
    "loss": 3.3614325945487225,
    "nfev": 69,
    "elapsed_s": 9.83871579170227,
    "success": true,
    "E_gap_mean": -0.00036760881921572635,
    "E_gap_std": 0.03777060942247472,
    "relative_error": 0.08513892636052871
  },
  "train_sample_3": {
    "sigma_bg": 0.8035810551656527,
    "sigma_1": null,
    "sigma_2": 4.999999999615123,
    "has_class1": false,
    "has_class2": true,
    "fix_bg": true,
    "loss": 2.628670358372295,
    "nfev": 22,
    "elapsed_s": 3.306746482849121,
    "success": true,
    "E_gap_mean": -0.0001846205154065783,
    "E_gap_std": 0.03340210117330543,
    "relative_error": 0.07921286904860288
  },
  "train_sample_4": {
    "sigma_bg": 0.8035810551656527,
    "sigma_1": 0.0001,
    "sigma_2": null,
    "has_class1": true,
    "has_class2": false,
    "fix_bg": true,
    "loss": 4.760761767583968,
    "nfev": 4,
    "elapsed_s": 0.5024759769439697,
    "success": true,
    "E_gap_mean": 0.00011796905053009226,
    "E_gap_std": 0.044952006947714604,
    "relative_error": 0.10966462054724363
  },
  "eval_L1_S1": {
    "sigma_bg": 0.8035810551656527,
    "sigma_1": 0.0001,
    "sigma_2": null,
    "has_class1": true,
    "has_class2": false,
    "fix_bg": true,
    "loss": 3.5702341581435153,
    "nfev": 4,
    "elapsed_s": 0.6125059127807617,
    "success": true,
    "E_gap_mean": -0.0003341386426057987,
    "E_gap_std": 0.03892644185123439,
    "relative_error": 0.08688626630861662
  },
  "eval_L1_S2": {
    "sigma_bg": 0.8035810551656527,
    "sigma_1": null,
    "sigma_2": 3.3600145361207736,
    "has_class1": false,
    "has_class2": true,
    "fix_bg": true,
    "loss": 2.703148885319473,
    "nfev": 36,
    "elapsed_s": 4.713537931442261,
    "success": true,
    "E_gap_mean": -0.00032179339862944555,
    "E_gap_std": 0.033870978352067156,
    "relative_error": 0.0784784832800987
  },
  "eval_L1_S3": {
    "sigma_bg": 0.8035810551656527,
    "sigma_1": 0.0001,
    "sigma_2": null,
    "has_class1": true,
    "has_class2": false,
    "fix_bg": true,
    "loss": 4.865080210166694,
    "nfev": 4,
    "elapsed_s": 0.5150043964385986,
    "success": true,
    "E_gap_mean": 9.943613284496848e-05,
    "E_gap_std": 0.0454418830460108,
    "relative_error": 0.10905681138286472
  },
  "eval_L2_S1": {
    "sigma_bg": 0.8035810551656527,
    "sigma_1": null,
    "sigma_2": 3.9546980993722505,
    "has_class1": false,
    "has_class2": true,
    "fix_bg": true,
    "loss": 2.6790179842271984,
    "nfev": 92,
    "elapsed_s": 12.925692796707153,
    "success": false,
    "E_gap_mean": -0.0002792523611384123,
    "E_gap_std": 0.03371982244451796,
    "relative_error": 0.07831047995491341
  },
  "eval_L2_S2": {
    "sigma_bg": 0.8035810551656527,
    "sigma_1": 0.0001,
    "sigma_2": null,
    "has_class1": true,
    "has_class2": false,
    "fix_bg": true,
    "loss": 4.401208283298207,
    "nfev": 4,
    "elapsed_s": 0.50905442237854,
    "success": true,
    "E_gap_mean": 4.5916178171359786e-05,
    "E_gap_std": 0.043221324616368066,
    "relative_error": 0.10320931553235649
  },
  "eval_L2_S3": {
    "sigma_bg": 0.8035810551656527,
    "sigma_1": null,
    "sigma_2": 4.893743635603541,
    "has_class1": false,
    "has_class2": true,
    "fix_bg": true,
    "loss": 2.5247930095102324,
    "nfev": 34,
    "elapsed_s": 5.217701435089111,
    "success": true,
    "E_gap_mean": -0.000285054867778144,
    "E_gap_std": 0.03273473133698561,
    "relative_error": 0.0769250322313348
  },
  "eval_L3_S1": {
    "sigma_bg": 0.8035810551656527,
    "sigma_1": 0.0001,
    "sigma_2": null,
    "has_class1": true,
    "has_class2": false,
    "fix_bg": true,
    "loss": 5.914705232190206,
    "nfev": 4,
    "elapsed_s": 0.6202161312103271,
    "success": true,
    "E_gap_mean": 6.473599198121945e-05,
    "E_gap_std": 0.050104709369608064,
    "relative_error": 0.1131447906045434
  },
  "eval_L3_S2": {
    "sigma_bg": 0.8035810551656527,
    "sigma_1": 0.007433811220228047,
    "sigma_2": null,
    "has_class1": true,
    "has_class2": false,
    "fix_bg": true,
    "loss": 3.777899550957276,
    "nfev": 44,
    "elapsed_s": 6.2019641399383545,
    "success": true,
    "E_gap_mean": -0.00033895114691028037,
    "E_gap_std": 0.040042575363334956,
    "relative_error": 0.088193106070755
  },
  "eval_L3_S3": {
    "sigma_bg": 0.8035810551656527,
    "sigma_1": null,
    "sigma_2": 4.928624309728651,
    "has_class1": false,
    "has_class2": true,
    "fix_bg": true,
    "loss": 2.8491389674497443,
    "nfev": 26,
    "elapsed_s": 3.4794375896453857,
    "success": true,
    "E_gap_mean": -0.00026592207411433943,
    "E_gap_std": 0.0347741461588107,
    "relative_error": 0.08045511943611693
  },
  "eval_L4_S1": {
    "sigma_bg": 0.8035810551656527,
    "sigma_1": 0.0001,
    "sigma_2": 4.985394609751236,
    "has_class1": true,
    "has_class2": true,
    "fix_bg": true,
    "loss": 3.6629232803868996,
    "nfev": 24,
    "elapsed_s": 3.6994125843048096,
    "success": true,
    "E_gap_mean": -0.00016967138268938814,
    "E_gap_std": 0.039429588739331764,
    "relative_error": 0.08983335924220168
  },
  "eval_L4_S2": {
    "sigma_bg": 0.8035810551656527,
    "sigma_1": 0.0001,
    "sigma_2": 5.007468124794709,
    "has_class1": true,
    "has_class2": true,
    "fix_bg": true,
    "loss": 3.3375332032216836,
    "nfev": 105,
    "elapsed_s": 13.573897361755371,
    "success": false,
    "E_gap_mean": -0.00026405689847048533,
    "E_gap_std": 0.037636953812705626,
    "relative_error": 0.08585251944530667
  },
  "eval_L4_S3": {
    "sigma_bg": 0.8035810551656527,
    "sigma_1": 0.04220001501160184,
    "sigma_2": 2.031806404807343,
    "has_class1": true,
    "has_class2": true,
    "fix_bg": true,
    "loss": 5.43966449224931,
    "nfev": 168,
    "elapsed_s": 23.055785179138184,
    "success": true,
    "E_gap_mean": -0.0002374927444305954,
    "E_gap_std": 0.048049968717334225,
    "relative_error": 0.100969488908504
  },
  "eval_L5_S1": {
    "sigma_bg": 0.8035810551656527,
    "sigma_1": 0.0001,
    "sigma_2": 3.7367893435812998,
    "has_class1": true,
    "has_class2": true,
    "fix_bg": true,
    "loss": 4.086250415214467,
    "nfev": 84,
    "elapsed_s": 13.805222988128662,
    "success": true,
    "E_gap_mean": -0.00039516814517766595,
    "E_gap_std": 0.04164427387273861,
    "relative_error": 0.09149843549621706
  },
  "eval_L5_S2": {
    "sigma_bg": 0.8035810551656527,
    "sigma_1": 0.0001,
    "sigma_2": null,
    "has_class1": true,
    "has_class2": false,
    "fix_bg": true,
    "loss": 4.232301046322553,
    "nfev": 4,
    "elapsed_s": 0.758265495300293,
    "success": true,
    "E_gap_mean": -0.0003489194506359045,
    "E_gap_std": 0.042382436096566126,
    "relative_error": 0.09291599183175726
  },
  "eval_L5_S3": {
    "sigma_bg": 0.8035810551656527,
    "sigma_1": null,
    "sigma_2": 5.25671483985456,
    "has_class1": false,
    "has_class2": true,
    "fix_bg": true,
    "loss": 2.79606330009156,
    "nfev": 74,
    "elapsed_s": 11.36860990524292,
    "success": true,
    "E_gap_mean": -0.00011189469547225967,
    "E_gap_std": 0.034449550981222356,
    "relative_error": 0.08226558142620785
  },
  "eval_L6_S1": {
    "sigma_bg": 0.8035810551656527,
    "sigma_1": null,
    "sigma_2": 37.948847387410396,
    "has_class1": false,
    "has_class2": true,