{
  "predictor_dir": "results\\vq_sae_lowent_predictor_1",
  "vq_sae_dir": "results\\vq_sae_lowent_1",
  "levels": {
    "1": {
      "scores": [
        0.165272057056427,
        0.24421514570713043,
        0.15870685875415802
      ],
      "mean_score": 0.18939802050590515
    },
    "2": {
      "scores": [
        0.2268924117088318,
        0.09919703751802444,
        0.12242956459522247
      ],
      "mean_score": 0.1495063379406929
    },
    "3": {
      "scores": [
        0.0886809453368187,
        0.30412864685058594,
        0.011948889121413231
      ],
      "mean_score": 0.13491949376960596
    },
    "4": {
      "scores": [
        0.08692964166402817,
        0.12139038741588593,
        0.14071589708328247
      ],
      "mean_score": 0.11634530872106552
    },
    "5": {
      "scores": [
        0.006005381233990192,
        0.1704498827457428,
        0.20329464972019196
      ],
      "mean_score": 0.12658330456664166
    },
    "6": {
      "scores": [
        0.11151116341352463,
        0.13740533590316772,
        0.25264447927474976
      ],
      "mean_score": 0.16718699286381403
    },
    "7": {
      "scores": [
        0.3090132772922516,
        0.2627275586128235,
        0.7001214027404785
      ],
      "mean_score": 0.4239540795485179
    }
  },
  "mean_score": 0.18684193398803473,
  "total_score": 3.9236806137487292
}