{
  "1": {
    "scores": [
      0.8544877171516418,
      0.9021131992340088,
      0.7374987602233887
    ],
    "sum_score": 2.4940996766090393,
    "mean_score": 0.8313665588696798
  },
  "2": {
    "scores": [
      0.7781080007553101,
      0.6413986682891846,
      0.7660585641860962
    ],
    "sum_score": 2.185565233230591,
    "mean_score": 0.7285217444101969
  },
  "3": {
    "scores": [
      0.5348480939865112,
      0.9029358625411987,
      0.5811486840248108
    ],
    "sum_score": 2.0189326405525208,
    "mean_score": 0.6729775468508402
  },
  "4": {
    "scores": [
      0.6629014015197754,
      0.27046045660972595,
      0.43458032608032227
    ],
    "sum_score": 1.3679421842098236,
    "mean_score": 0.4559807280699412
  },
  "5": {
    "scores": [
      0.1862984448671341,
      0.6854813098907471,
      0.6715100407600403
    ],
    "sum_score": 1.5432897955179214,
    "mean_score": 0.5144299318393072
  },
  "6": {
    "scores": [
      0.727695643901825,
      0.5967116951942444,
      0.22409766912460327
    ],
    "sum_score": 1.5485050082206726,
    "mean_score": 0.5161683360735575
  },
  "7": {
    "scores": [
      0.28203505277633667,
      0.13725486397743225,
      0.7715195417404175
    ],
    "sum_score": 1.1908094584941864,
    "mean_score": 0.3969364861647288
  }
}