{
  "1": {
    "scores": [
      0.8633033191224326,
      0.8771769343088314,
      0.7931990709301162
    ],
    "sum_score": 2.53367932436138,
    "mean_score": 0.8445597747871267
  },
  "2": {
    "scores": [
      0.7805536433049759,
      0.7204676735727734,
      0.8616971995724916
    ],
    "sum_score": 2.362718516450241,
    "mean_score": 0.787572838816747
  },
  "3": {
    "scores": [
      0.721005135200914,
      0.9166212069342881,
      0.6008420391975908
    ],
    "sum_score": 2.238468381332793,
    "mean_score": 0.746156127110931
  },
  "4": {
    "scores": [
      0.619392893420144,
      0.5692458143914717,
      0.5662645064191648
    ],
    "sum_score": 1.7549032142307803,
    "mean_score": 0.5849677380769268
  },
  "5": {
    "scores": [
      0.2967377213962113,
      0.7260784773561068,
      0.6917148889761696
    ],
    "sum_score": 1.7145310877284876,
    "mean_score": 0.5715103625761625
  },
  "6": {
    "scores": [
      0.7888691821899605,
      0.6422106347954621,
      0.4015370496284419
    ],
    "sum_score": 1.8326168666138645,
    "mean_score": 0.6108722888712882
  },
  "7": {
    "scores": [
      0.4867886286633757,
      0.2575338489108169,
      0.8740666003775351
    ],
    "sum_score": 1.6183890779517278,
    "mean_score": 0.5394630259839093
  }
}