{
  "hdf5_path": "dataset_lung_td16_active/level_1/data.h5",
  "split": "test",
  "calibration_split": "val",
  "num_samples": 6,
  "mesh_shape": "thorax",
  "mesh_h0": 0.12,
  "grid_size": 32,
  "p": 0.2,
  "lamb": 0.01,
  "ratio": 0.1,
  "blur_s": 20.0,
  "active_threshold": 0.02,
  "alpha": 1.1079265420176862e-08,
  "reconstruction_time_sec": 0.0,
  "calibration_time_sec": 0.0,
  "mae32_mean": 0.0520480693284858,
  "rmse32_mean": 0.12048166032867037,
  "rel_l2_32_mean": 1.03915592519695,
  "active_rel_l2_32_mean": 0.9909813287180005,
  "mae256_mean": 0.05252100148091637,
  "rmse256_mean": 0.1448965681432594,
  "rel_l2_256_mean": 1.0224848316190798,
  "active_rel_l2_256_mean": 0.9945463304570854
}