{
  "1": {
    "scores": [
      0.873664140701294,
      0.8884769678115845,
      0.8014928698539734
    ],
    "sum_score": 2.563633978366852,
    "mean_score": 0.8545446594556173
  },
  "2": {
    "scores": [
      0.7899175882339478,
      0.7298167943954468,
      0.837317943572998
    ],
    "sum_score": 2.3570523262023926,
    "mean_score": 0.7856841087341309
  },
  "3": {
    "scores": [
      0.7254331707954407,
      0.9118720293045044,
      0.6050455570220947
    ],
    "sum_score": 2.24235075712204,
    "mean_score": 0.7474502523740133
  },
  "4": {
    "scores": [
      0.6561950445175171,
      0.4637964963912964,
      0.5835658311843872
    ],
    "sum_score": 1.7035573720932007,
    "mean_score": 0.5678524573644003
  },
  "5": {
    "scores": [
      0.15970784425735474,
      0.7207394242286682,
      0.7024303674697876
    ],
    "sum_score": 1.5828776359558105,
    "mean_score": 0.5276258786519369
  },
  "6": {
    "scores": [
      0.8161615133285522,
      0.5626821517944336,
      0.36017709970474243
    ],
    "sum_score": 1.7390207648277283,
    "mean_score": 0.5796735882759094
  },
  "7": {
    "scores": [
      0.4051874876022339,
      0.24235107004642487,
      0.8584485650062561
    ],
    "sum_score": 1.5059871226549149,
    "mean_score": 0.5019957075516382
  }
}