{
  "mask_weights_dir": "results/dct_sigma_td16_mask_active_1",
  "residual_weights_dir": "results/dct_sigma_td16_conditional_active_1",
  "split": "test",
  "hdf5_path": "dataset_lung_td16_active\\level_1\\data.h5",
  "residual_model_type": "conditional",
  "mask_threshold": 0.02,
  "prob_threshold": 0.5,
  "external_mask_metrics": {
    "precision": 0.09346582395919255,
    "recall": 0.6929080759755161,
    "f1": 0.15841137027989022,
    "iou": 0.08984572912689497,
    "accuracy": 0.7060684897188336
  },
  "internal_prediction_metrics": {
    "mae_mean": 0.042495226221782346,
    "rmse_mean": 0.1313056251111649,
    "rel_l2_mean": 101985008.53919315,
    "active_rel_l2_mean": 0.9318058640814151
  },
  "residual_only_metrics": {
    "mae_mean": 0.05888198384101701,
    "rmse_mean": 0.13789570778143873,
    "rel_l2_mean": 192585101.64322457,
    "active_rel_l2_mean": 0.8747731059686855
  },
  "external_soft_fusion_metrics": {
    "mae_mean": 0.04262350943181347,
    "rmse_mean": 0.13151291243990784,
    "rel_l2_mean": 104439683.26901798,
    "active_rel_l2_mean": 0.9309156754749018
  },
  "external_hard_fusion_metrics": {
    "mae_mean": 0.04058836923033055,
    "rmse_mean": 0.13532946335360654,
    "rel_l2_mean": 174898046.87438342,
    "active_rel_l2_mean": 0.8825887979531829
  },
  "internal_mask_metrics": {
    "precision": 0.05624353959555993,
    "recall": 0.5578603876036121,
    "f1": 0.09935532156661286,
    "iou": 0.05348141266282045,
    "accuracy": 0.6049989400859493
  }
}