{
  "1": {
    "scores": [
      0.85762619972229,
      0.900639533996582,
      0.7972202897071838
    ],
    "sum_score": 2.555486023426056,
    "mean_score": 0.8518286744753519
  },
  "2": {
    "scores": [
      0.7930365800857544,
      0.7102971076965332,
      0.8674072623252869
    ],
    "sum_score": 2.3707409501075745,
    "mean_score": 0.7902469833691915
  },
  "3": {
    "scores": [
      0.585286021232605,
      0.896005392074585,
      0.6089253425598145
    ],
    "sum_score": 2.0902167558670044,
    "mean_score": 0.6967389186223348
  },
  "4": {
    "scores": [
      0.6101975440979004,
      0.5374509692192078,
      0.6758788228034973
    ],
    "sum_score": 1.8235273361206055,
    "mean_score": 0.6078424453735352
  },
  "5": {
    "scores": [
      0.1944945752620697,
      0.7174841165542603,
      0.7231636047363281
    ],
    "sum_score": 1.635142296552658,
    "mean_score": 0.5450474321842194
  },
  "6": {
    "scores": [
      0.80823814868927,
      0.623995304107666,
      0.50337815284729
    ],
    "sum_score": 1.935611605644226,
    "mean_score": 0.6452038685480753
  },
  "7": {
    "scores": [
      0.42893314361572266,
      0.24810658395290375,
      0.8495392799377441
    ],
    "sum_score": 1.5265790075063705,
    "mean_score": 0.5088596691687902
  }
}