{
  "hdf5_path": "dataset_lung_td16_pilot/level_1/data.h5",
  "split": "test",
  "calibration_split": "val",
  "num_samples": 6,
  "mesh_shape": "thorax",
  "mesh_h0": 0.12,
  "grid_size": 32,
  "p": 0.2,
  "lamb": 0.01,
  "ratio": 0.1,
  "blur_s": 20.0,
  "active_threshold": 0.02,
  "alpha": 2.5545649111079266e-09,
  "reconstruction_time_sec": 0.0,
  "calibration_time_sec": 0.0,
  "mae32_mean": 0.0236782891444686,
  "rmse32_mean": 0.0859181934260781,
  "rel_l2_32_mean": 211598.2889291445,
  "active_rel_l2_32_mean": 1.0033817939608751,
  "mae256_mean": 0.02400292071978258,
  "rmse256_mean": 0.10677957511594181,
  "rel_l2_256_mean": 1688662.5164552769,
  "active_rel_l2_256_mean": 1.0024380072357444
}