{
  "1": {
    "scores": [
      0.8662407994270325,
      0.8756102323532104,
      0.7932006120681763
    ],
    "sum_score": 2.535051643848419,
    "mean_score": 0.8450172146161398
  },
  "2": {
    "scores": [
      0.764346718788147,
      0.7233214974403381,
      0.856740415096283
    ],
    "sum_score": 2.344408631324768,
    "mean_score": 0.7814695437749227
  },
  "3": {
    "scores": [
      0.3539952039718628,
      0.9154772758483887,
      0.6009540557861328
    ],
    "sum_score": 1.8704265356063843,
    "mean_score": 0.6234755118687948
  },
  "4": {
    "scores": [
      0.5807651877403259,
      0.5774233341217041,
      0.5265101194381714
    ],
    "sum_score": 1.6846986413002014,
    "mean_score": 0.5615662137667338
  },
  "5": {
    "scores": [
      0.35688406229019165,
      0.7072316408157349,
      0.6820808053016663
    ],
    "sum_score": 1.7461965084075928,
    "mean_score": 0.5820655028025309
  },
  "6": {
    "scores": [
      0.7819197773933411,
      0.6217975616455078,
      0.3859773278236389
    ],
    "sum_score": 1.7896946668624878,
    "mean_score": 0.5965648889541626
  },
  "7": {
    "scores": [
      0.4650782346725464,
      0.26937335729599,
      0.8762497901916504
    ],
    "sum_score": 1.6107013821601868,
    "mean_score": 0.5369004607200623
  }
}