{
  "1": {
    "scores": [
      0.9605496878386882,
      0.9555032592266994,
      0.25976426700907257
    ],
    "sum_score": 2.1758172140744603,
    "mean_score": 0.7252724046914868
  },
  "2": {
    "scores": [
      0.7687472740671948,
      0.7330037165858218,
      0.7520403760210481
    ],
    "sum_score": 2.2537913666740645,
    "mean_score": 0.7512637888913548
  },
  "3": {
    "scores": [
      0.28211587739472455,
      0.4382158165288971,
      0.8449055889278607
    ],
    "sum_score": 1.5652372828514824,
    "mean_score": 0.5217457609504942
  },
  "4": {
    "scores": [
      0.43517392087980067,
      0.32689142167871277,
      0.4745088700849678
    ],
    "sum_score": 1.236574212643481,
    "mean_score": 0.4121914042144937
  },
  "5": {
    "scores": [
      0.2437433533808687,
      0.7368349483392284,
      0.3334734388852558
    ],
    "sum_score": 1.314051740605353,
    "mean_score": 0.43801724686845095
  },
  "6": {
    "scores": [
      0.11987164780000953,
      0.23719399949683187,
      0.33853903016820863
    ],
    "sum_score": 0.6956046774650501,
    "mean_score": 0.23186822582168334
  },
  "7": {
    "scores": [
      0.06347112509278413,
      0.09204313335451801,
      0.6080643031277556
    ],
    "sum_score": 0.7635785615750578,
    "mean_score": 0.2545261871916859
  }
}