{
  "1": {
    "scores": [
      0.23483466219959995,
      0.09452247041635717,
      0.522645877965159
    ],
    "sum_score": 0.8520030105811162,
    "mean_score": 0.2840010035270387
  },
  "2": {
    "scores": [
      0.13888095497643335,
      0.6314233478303999,
      0.19305596454278376
    ],
    "sum_score": 0.963360267349617,
    "mean_score": 0.321120089116539
  },
  "3": {
    "scores": [
      0.09514757259278307,
      0.5735802881473069,
      0.11932090385290628
    ],
    "sum_score": 0.7880487645929962,
    "mean_score": 0.26268292153099876
  },
  "4": {
    "scores": [
      0.3373674807578312,
      0.22591129134071103,
      0.21307564347288974
    ],
    "sum_score": 0.7763544155714319,
    "mean_score": 0.2587848051904773
  },
  "5": {
    "scores": [
      0.07712699503530385,
      0.08740487332273043,
      0.6454059311690284
    ],
    "sum_score": 0.8099377995270627,
    "mean_score": 0.2699792665090209
  },
  "6": {
    "scores": [
      0.15471663094289087,
      0.19760363247674095,
      0.2815247722461251
    ],
    "sum_score": 0.633845035665757,
    "mean_score": 0.21128167855525234
  },
  "7": {
    "scores": [
      0.19924334701182206,
      0.11861209448977741,
      0.08817163864370817
    ],
    "sum_score": 0.40602708014530764,
    "mean_score": 0.1353423600484359
  }
}