{
  "1": {
    "scores": [
      0.7006012032287723,
      0.005075026554915117,
      0.5298710477724062
    ],
    "sum_score": 1.2355472775560936,
    "mean_score": 0.4118490925186979
  },
  "2": {
    "scores": [
      0.004995918908895648,
      0.4938181803986223,
      0.004102047526774803
    ],
    "sum_score": 0.5029161468342928,
    "mean_score": 0.16763871561143093
  },
  "3": {
    "scores": [
      0.4776666591632638,
      0.6044214540104829,
      0.015587906006125954
    ],
    "sum_score": 1.0976760191798725,
    "mean_score": 0.36589200639329084
  },
  "4": {
    "scores": [
      -0.014013149037353631,
      0.034850694016387365,
      -0.013102754199910168
    ],
    "sum_score": 0.007734790779123568,
    "mean_score": 0.0025782635930411894
  },
  "5": {
    "scores": [
      0.09453923818135061,
      0.6811662936126829,
      0.005194628444474724
    ],
    "sum_score": 0.7809001602385082,
    "mean_score": 0.2603000534128361
  },
  "6": {
    "scores": [
      0.0032581431598184044,
      0.029191518562984197,
      -4.13567956179476e-05
    ],
    "sum_score": 0.032408304927184654,
    "mean_score": 0.010802768309061551
  },
  "7": {
    "scores": [
      0.07759630864397335,
      0.01526237463628515,
      0.5088335572950629
    ],
    "sum_score": 0.6016922405753213,
    "mean_score": 0.20056408019177377
  }
}