{
  "1": {
    "scores": [
      0.8633027076721191,
      0.8771759867668152,
      0.7932012677192688
    ],
    "sum_score": 2.533679962158203,
    "mean_score": 0.8445599873860677
  },
  "2": {
    "scores": [
      0.7805525064468384,
      0.7204689383506775,
      0.8616966009140015
    ],
    "sum_score": 2.3627180457115173,
    "mean_score": 0.7875726819038391
  },
  "3": {
    "scores": [
      0.7210038900375366,
      0.9166198968887329,
      0.6008425951004028
    ],
    "sum_score": 2.2384663820266724,
    "mean_score": 0.7461554606755575
  },
  "4": {
    "scores": [
      0.6193945407867432,
      0.5692428350448608,
      0.5662683844566345
    ],
    "sum_score": 1.7549057602882385,
    "mean_score": 0.5849685867627462
  },
  "5": {
    "scores": [
      0.29673558473587036,
      0.7260801792144775,
      0.691714882850647
    ],
    "sum_score": 1.7145306468009949,
    "mean_score": 0.5715102156003317
  },
  "6": {
    "scores": [
      0.7888695001602173,
      0.6422114372253418,
      0.4015379548072815
    ],
    "sum_score": 1.8326188921928406,
    "mean_score": 0.6108729640642802
  },
  "7": {
    "scores": [
      0.4867876172065735,
      0.2575322687625885,
      0.8740670680999756
    ],
    "sum_score": 1.6183869540691376,
    "mean_score": 0.5394623180230459
  }
}