{
  "mean_score": 0.1528922367308821,
  "total_score": 3.210736971348524,
  "level_scores": {
    "level_1": {
      "scores": [
        0.5726339817047119,
        0.15793858468532562,
        0.06036338582634926
      ],
      "mean_score": 0.26364531740546227
    },
    "level_2": {
      "scores": [
        0.18113091588020325,
        0.019097600132226944,
        0.1364213228225708
      ],
      "mean_score": 0.11221661294500034
    },
    "level_3": {
      "scores": [
        0.030245013535022736,
        0.1196671575307846,
        -0.004635300487279892
      ],
      "mean_score": 0.04842562352617582
    },
    "level_4": {
      "scores": [
        0.20802953839302063,
        0.07600774616003036,
        0.0537438839673996
      ],
      "mean_score": 0.11259372284015019
    },
    "level_5": {
      "scores": [
        0.21215461194515228,
        0.10855826735496521,
        0.07913559675216675
      ],
      "mean_score": 0.1332828253507614
    },
    "level_6": {
      "scores": [
        0.05705632269382477,
        0.3928423225879669,
        0.23062199354171753
      ],
      "mean_score": 0.22684021294116974
    },
    "level_7": {
      "scores": [
        0.21262642741203308,
        0.17594456672668457,
        0.13115303218364716
      ],
      "mean_score": 0.17324134210745493
    }
  }
}