{
  "1": {
    "scores": [
      0.1409463913364649,
      0.10428268795732211,
      0.1914778756809684
    ],
    "sum_score": 0.4367069549747554,
    "mean_score": 0.14556898499158513
  },
  "2": {
    "scores": [
      -0.018527416589132047,
      0.6428185799253789,
      -0.02236019306494182
    ],
    "sum_score": 0.601930970271305,
    "mean_score": 0.2006436567571017
  },
  "3": {
    "scores": [
      0.291921821232106,
      -0.027151658928848212,
      -0.000293454321571065
    ],
    "sum_score": 0.26447670798168676,
    "mean_score": 0.08815890266056225
  },
  "4": {
    "scores": [
      0.15417911084842567,
      1.4570425531895952e-05,
      0.11445042336741265
    ],
    "sum_score": 0.26864410464137023,
    "mean_score": 0.08954803488045675
  },
  "5": {
    "scores": [
      -0.030714756591030623,
      0.0871643289894077,
      0.29502776626955557
    ],
    "sum_score": 0.3514773386679326,
    "mean_score": 0.11715911288931087
  },
  "6": {
    "scores": [
      0.07874118843132132,
      0.1671120078083438,
      0.04130398489714535
    ],
    "sum_score": 0.2871571811368105,
    "mean_score": 0.09571906037893683
  },
  "7": {
    "scores": [
      0.3177825983453215,
      0.17223185371265556,
      0.10381845183874988
    ],
    "sum_score": 0.5938329038967269,
    "mean_score": 0.19794430129890897
  }
}