{
  "1": {
    "scores": [
      0.849204421043396,
      0.8812016248703003,
      0.7142031192779541
    ],
    "sum_score": 2.4446091651916504,
    "mean_score": 0.8148697217305502
  },
  "2": {
    "scores": [
      0.7710940837860107,
      0.6959617733955383,
      0.7556657791137695
    ],
    "sum_score": 2.2227216362953186,
    "mean_score": 0.7409072120984396
  },
  "3": {
    "scores": [
      0.607644259929657,
      0.8827612996101379,
      0.5744208097457886
    ],
    "sum_score": 2.0648263692855835,
    "mean_score": 0.6882754564285278
  },
  "4": {
    "scores": [
      0.6868939399719238,
      0.26981279253959656,
      0.4190008044242859
    ],
    "sum_score": 1.3757075369358063,
    "mean_score": 0.4585691789786021
  },
  "5": {
    "scores": [
      0.19031661748886108,
      0.6951841711997986,
      0.6891751289367676
    ],
    "sum_score": 1.5746759176254272,
    "mean_score": 0.5248919725418091
  },
  "6": {
    "scores": [
      0.7233954668045044,
      0.5999293327331543,
      0.23316532373428345
    ],
    "sum_score": 1.5564901232719421,
    "mean_score": 0.5188300410906473
  },
  "7": {
    "scores": [
      0.3036244213581085,
      0.17704671621322632,
      0.7663086652755737
    ],
    "sum_score": 1.2469798028469086,
    "mean_score": 0.41565993428230286
  }
}