{
  "num_samples": 7,
  "mae_mean": 0.016117970639655733,
  "rmse_mean": 0.0835152421121329,
  "rel_l2_mean": 0.571428571194893,
  "active_rel_l2_mean": 0.9999999995910628,
  "zero_delta_fraction": 0.42857142857142855
}