{
  "hdf5_path": "dataset_lung_td16_pilot/level_1/data.h5",
  "split": "test",
  "calibration_split": "val",
  "num_samples": 6,
  "mesh_shape": "circle",
  "mesh_h0": 0.12,
  "grid_size": 32,
  "p": 0.2,
  "lamb": 0.01,
  "ratio": 0.1,
  "blur_s": 20.0,
  "active_threshold": 0.02,
  "alpha": 2.77594827329093e-09,
  "reconstruction_time_sec": 0.0006301403045654297,
  "calibration_time_sec": 0.0,
  "mae32_mean": 0.023150499453640755,
  "rmse32_mean": 0.0851060621281952,
  "rel_l2_32_mean": 183293.6950027023,
  "active_rel_l2_32_mean": 0.9950634866195832,
  "mae256_mean": 0.02352442386731632,
  "rmse256_mean": 0.10608813893206294,
  "rel_l2_256_mean": 1455018.2811096918,
  "active_rel_l2_256_mean": 0.9967935080585855
}