{
  "1": {
    "scores": [
      0.8585054874420166,
      0.8788381814956665,
      0.7909896373748779
    ],
    "sum_score": 2.528333306312561,
    "mean_score": 0.8427777687708536
  },
  "2": {
    "scores": [
      0.7989752292633057,
      0.7152461409568787,
      0.8682352304458618
    ],
    "sum_score": 2.382456600666046,
    "mean_score": 0.7941522002220154
  },
  "3": {
    "scores": [
      0.5445384979248047,
      0.9005609750747681,
      0.600309431552887
    ],
    "sum_score": 2.0454089045524597,
    "mean_score": 0.6818029681841532
  },
  "4": {
    "scores": [
      0.6485502123832703,
      0.5210892558097839,
      0.6003666520118713
    ],
    "sum_score": 1.7700061202049255,
    "mean_score": 0.5900020400683085
  },
  "5": {
    "scores": [
      0.2355457842350006,
      0.7340899109840393,
      0.6912155151367188
    ],
    "sum_score": 1.6608512103557587,
    "mean_score": 0.5536170701185862
  },
  "6": {
    "scores": [
      0.798952579498291,
      0.6404649019241333,
      0.4358597993850708
    ],
    "sum_score": 1.8752772808074951,
    "mean_score": 0.6250924269358317
  },
  "7": {
    "scores": [
      0.47489118576049805,
      0.2387852966785431,
      0.8579881191253662
    ],
    "sum_score": 1.5716646015644073,
    "mean_score": 0.5238882005214691
  }
}