{
  "1": {
    "scores": [
      0.8757944107055664,
      0.895616352558136,
      0.8185825347900391
    ],
    "sum_score": 2.5899932980537415,
    "mean_score": 0.8633310993512472
  },
  "2": {
    "scores": [
      0.788486659526825,
      0.6987618803977966,
      0.8432395458221436
    ],
    "sum_score": 2.330488085746765,
    "mean_score": 0.7768293619155884
  },
  "3": {
    "scores": [
      0.6850808262825012,
      0.9021544456481934,
      0.6045071482658386
    ],
    "sum_score": 2.191742420196533,
    "mean_score": 0.7305808067321777
  },
  "4": {
    "scores": [
      0.6494377851486206,
      0.5429837703704834,
      0.4187623858451843
    ],
    "sum_score": 1.6111839413642883,
    "mean_score": 0.5370613137880961
  },
  "5": {
    "scores": [
      0.19564251601696014,
      0.6879245042800903,
      0.7084789276123047
    ],
    "sum_score": 1.5920459479093552,
    "mean_score": 0.5306819826364517
  },
  "6": {
    "scores": [
      0.8166170120239258,
      0.6275874972343445,
      0.25459691882133484
    ],
    "sum_score": 1.698801428079605,
    "mean_score": 0.5662671426932017
  },
  "7": {
    "scores": [
      0.37190473079681396,
      0.23590730130672455,
      0.8153178691864014
    ],
    "sum_score": 1.4231299012899399,
    "mean_score": 0.4743766337633133
  }
}