{
  "1": {
    "scores": [
      0.987011987940043,
      0.9661192818175794,
      0.8904836956683051
    ],
    "sum_score": 2.8436149654259273,
    "mean_score": 0.9478716551419758
  },
  "2": {
    "scores": [
      0.925067511131606,
      0.8502641348803084,
      0.9198416742529719
    ],
    "sum_score": 2.695173320264886,
    "mean_score": 0.898391106754962
  },
  "3": {
    "scores": [
      0.7827969267161259,
      0.9471591294050863,
      0.8948325206484464
    ],
    "sum_score": 2.6247885767696584,
    "mean_score": 0.8749295255898861
  },
  "4": {
    "scores": [
      0.7010552998997639,
      0.6640869814745785,
      0.5739764239391132
    ],
    "sum_score": 1.9391187053134555,
    "mean_score": 0.6463729017711518
  },
  "5": {
    "scores": [
      0.5266032304947975,
      0.8801915189052059,
      0.8071098014311289
    ],
    "sum_score": 2.213904550831132,
    "mean_score": 0.7379681836103774
  },
  "6": {
    "scores": [
      0.639416830342571,
      0.6966172675360199,
      0.6728866831632809
    ],
    "sum_score": 2.008920781041872,
    "mean_score": 0.6696402603472906
  },
  "7": {
    "scores": [
      0.49923998507508727,
      0.33437392697362095,
      0.869336719566004
    ],
    "sum_score": 1.7029506316147123,
    "mean_score": 0.5676502105382374
  }
}