{
  "1": {
    "scores": [
      0.858579158782959,
      0.8730325698852539,
      0.7580885291099548
    ],
    "sum_score": 2.4897002577781677,
    "mean_score": 0.8299000859260559
  },
  "2": {
    "scores": [
      0.7841059565544128,
      0.6896091103553772,
      0.7656936049461365
    ],
    "sum_score": 2.2394086718559265,
    "mean_score": 0.7464695572853088
  },
  "3": {
    "scores": [
      0.6210508942604065,
      0.8826974630355835,
      0.5845869183540344
    ],
    "sum_score": 2.0883352756500244,
    "mean_score": 0.6961117585500082
  },
  "4": {
    "scores": [
      0.7045580744743347,
      0.2898263931274414,
      0.47319352626800537
    ],
    "sum_score": 1.4675779938697815,
    "mean_score": 0.4891926646232605
  },
  "5": {
    "scores": [
      0.18986903131008148,
      0.6925742030143738,
      0.6813133358955383
    ],
    "sum_score": 1.5637565702199936,
    "mean_score": 0.5212521900733312
  },
  "6": {
    "scores": [
      0.7075263857841492,
      0.5933958888053894,
      0.24093391001224518
    ],
    "sum_score": 1.5418561846017838,
    "mean_score": 0.5139520615339279
  },
  "7": {
    "scores": [
      0.31857791543006897,
      0.13995051383972168,
      0.7752485871315002
    ],
    "sum_score": 1.233777016401291,
    "mean_score": 0.411259005467097
  }
}