{
  "mask_weights_dir": "results/dct_sigma_td16_mask_active_1",
  "residual_weights_dir": "results/dct_sigma_td16_spatial_active_1",
  "split": "test",
  "hdf5_path": "dataset_lung_td16_active\\level_1\\data.h5",
  "residual_model_type": "spatial",
  "mask_threshold": 0.02,
  "prob_threshold": 0.5,
  "external_mask_metrics": {
    "precision": 0.09346582395919255,
    "recall": 0.6929080759755161,
    "f1": 0.15841137027989022,
    "iou": 0.08984572912689497,
    "accuracy": 0.7060684897188336
  },
  "internal_prediction_metrics": {
    "mae_mean": 0.04102030424141452,
    "rmse_mean": 0.1313540872564629,
    "rel_l2_mean": 87511366.94474743,
    "active_rel_l2_mean": 0.9462514793784084
  },
  "residual_only_metrics": {
    "mae_mean": 0.05596491515020336,
    "rmse_mean": 0.13561677845878334,
    "rel_l2_mean": 160681434.92185733,
    "active_rel_l2_mean": 0.9022469567534027
  },
  "external_soft_fusion_metrics": {
    "mae_mean": 0.041094727493397216,
    "rmse_mean": 0.1313703680131633,
    "rel_l2_mean": 86987972.19949219,
    "active_rel_l2_mean": 0.9463912038072161
  },
  "external_hard_fusion_metrics": {
    "mae_mean": 0.03972566103735836,
    "rmse_mean": 0.133319429335161,
    "rel_l2_mean": 144450840.47763383,
    "active_rel_l2_mean": 0.9074612177014112
  },
  "internal_mask_metrics": {
    "precision": 0.04644781646560104,
    "recall": 0.48844673067385613,
    "f1": 0.08237634433769393,
    "iou": 0.043636507502779795,
    "accuracy": 0.606209169220096
  }
}