{
  "1": {
    "scores": [
      0.9865087816777106,
      0.9635528992076838,
      0.8387933012681918
    ],
    "sum_score": 2.7888549821535866,
    "mean_score": 0.9296183273845289
  },
  "2": {
    "scores": [
      0.5009910726026882,
      0.5424514055647477,
      0.5000518573836042
    ],
    "sum_score": 1.5434943355510402,
    "mean_score": 0.5144981118503468
  },
  "3": {
    "scores": [
      0.5002197814638889,
      0.5000229349186703,
      0.5112830401995764
    ],
    "sum_score": 1.5115257565821354,
    "mean_score": 0.5038419188607118
  },
  "4": {
    "scores": [
      0.006410479448821416,
      0.05856789603181683,
      0.019559899807012653
    ],
    "sum_score": 0.0845382752876509,
    "mean_score": 0.028179425095883632
  },
  "5": {
    "scores": [
      0.0018953941079971944,
      0.505111082779017,
      0.5002929951889171
    ],
    "sum_score": 1.0072994720759314,
    "mean_score": 0.3357664906919771
  },
  "6": {
    "scores": [
      0.5000238880660476,
      0.008199627404616524,
      0.02517839948783987
    ],
    "sum_score": 0.533401914958504,
    "mean_score": 0.17780063831950133
  },
  "7": {
    "scores": [
      0.0035208049067901913,
      0.0034708768138352786,
      0.5000243554379341
    ],
    "sum_score": 0.5070160371585596,
    "mean_score": 0.16900534571951986
  }
}