{
  "1": {
    "scores": [
      0.8794746994972229,
      0.8965814113616943,
      0.8015742897987366
    ],
    "sum_score": 2.577630400657654,
    "mean_score": 0.8592101335525513
  },
  "2": {
    "scores": [
      0.7929871082305908,
      0.7189112305641174,
      0.8624098300933838
    ],
    "sum_score": 2.374308168888092,
    "mean_score": 0.7914360562960306
  },
  "3": {
    "scores": [
      0.7056702971458435,
      0.9171388745307922,
      0.603918194770813
    ],
    "sum_score": 2.2267273664474487,
    "mean_score": 0.7422424554824829
  },
  "4": {
    "scores": [
      0.6452544927597046,
      0.5657840371131897,
      0.45780760049819946
    ],
    "sum_score": 1.6688461303710938,
    "mean_score": 0.5562820434570312
  },
  "5": {
    "scores": [
      0.25370436906814575,
      0.714759111404419,
      0.7041125297546387
    ],
    "sum_score": 1.6725760102272034,
    "mean_score": 0.5575253367424011
  },
  "6": {
    "scores": [
      0.8004201054573059,
      0.6611601114273071,
      0.40332818031311035
    ],
    "sum_score": 1.8649083971977234,
    "mean_score": 0.6216361323992411
  },
  "7": {
    "scores": [
      0.4783087968826294,
      0.26144883036613464,
      0.8551340103149414
    ],
    "sum_score": 1.5948916375637054,
    "mean_score": 0.5316305458545685
  }
}