{
  "num_samples": 7,
  "mae_mean": 0.025716623113870792,
  "rmse_mean": 0.13138997567118665,
  "rel_l2_mean": 0.8571428568435395,
  "active_rel_l2_mean": 0.9999999996507961,
  "zero_delta_fraction": 0.14285714285714285
}