{
  "num_samples": 5,
  "level": 1,
  "mode": "full",
  "gpu_name": "NVIDIA GeForce RTX 5070 Ti Laptop GPU",
  "seed": 42,
  "overall_speedup": 6.36599032223761,
  "cpu": {
    "total_s": 144.10413098335266,
    "per_sample_ms": 23210.255336761475,
    "per_step_avg_ms": {
      "phantom": 2.4850845336914062,
      "forward": 333.91456604003906,
      "noise": 0.0,
      "reco": 22800.93560218811,
      "interp": 68.83325576782227,
      "total": 23210.255336761475
    }
  },
  "gpu": {
    "total_s": 32.54057788848877,
    "per_sample_ms": 3645.9771633148193,
    "per_step_avg_ms": {
      "phantom": 3.1637191772460938,
      "forward": 348.06718826293945,
      "noise": 0.31142234802246094,
      "reco": 3230.845594406128,
      "interp": 62.97073364257813,
      "total": 3645.9771633148193
    }
  }
}