{
  "1": {
    "scores": [
      0.8516472578048706,
      0.8842605948448181,
      0.7905488014221191
    ],
    "sum_score": 2.526456654071808,
    "mean_score": 0.8421522180239359
  },
  "2": {
    "scores": [
      0.794262170791626,
      0.7221211194992065,
      0.8708307147026062
    ],
    "sum_score": 2.3872140049934387,
    "mean_score": 0.7957380016644796
  },
  "3": {
    "scores": [
      0.23833806812763214,
      0.9193602800369263,
      0.6047876477241516
    ],
    "sum_score": 1.76248599588871,
    "mean_score": 0.5874953319629034
  },
  "4": {
    "scores": [
      0.6551424264907837,
      0.5641826391220093,
      0.44581156969070435
    ],
    "sum_score": 1.6651366353034973,
    "mean_score": 0.5550455451011658
  },
  "5": {
    "scores": [
      0.30014172196388245,
      0.7407828569412231,
      0.6961989998817444
    ],
    "sum_score": 1.73712357878685,
    "mean_score": 0.57904119292895
  },
  "6": {
    "scores": [
      0.7993820905685425,
      0.6201931238174438,
      0.4024423360824585
    ],
    "sum_score": 1.8220175504684448,
    "mean_score": 0.6073391834894816
  },
  "7": {
    "scores": [
      0.4967779517173767,
      0.24479907751083374,
      0.86156165599823
    ],
    "sum_score": 1.6031386852264404,
    "mean_score": 0.5343795617421468
  }
}