{
  "1": {
    "scores": [
      0.9247395859808611,
      0.9643090940370923,
      0.836241983484183
    ],
    "sum_score": 2.725290663502136,
    "mean_score": 0.9084302211673787
  },
  "2": {
    "scores": [
      0.9235691998617359,
      0.8366009764723846,
      0.8879279774898686
    ],
    "sum_score": 2.648098153823989,
    "mean_score": 0.8826993846079964
  },
  "3": {
    "scores": [
      0.5525901936636215,
      0.8662065824808399,
      0.8576692593611034
    ],
    "sum_score": 2.276466035505565,
    "mean_score": 0.7588220118351883
  },
  "4": {
    "scores": [
      0.7826156781211284,
      0.6449508405644588,
      0.4311628005513508
    ],
    "sum_score": 1.858729319236938,
    "mean_score": 0.619576439745646
  },
  "5": {
    "scores": [
      0.41036793630756224,
      0.8652427641516457,
      0.7810391093699756
    ],
    "sum_score": 2.0566498098291834,
    "mean_score": 0.6855499366097279
  },
  "6": {
    "scores": [
      0.7693130256923731,
      0.6449514203170267,
      0.5608467477175614
    ],
    "sum_score": 1.9751111937269612,
    "mean_score": 0.6583703979089871
  },
  "7": {
    "scores": [
      0.38347279253961297,
      0.22513001836034555,
      0.8142232325583719
    ],
    "sum_score": 1.4228260434583304,
    "mean_score": 0.47427534781944347
  }
}