{
  "1": {
    "scores": [
      0.9548252742254754,
      0.9464369673953423,
      0.7829723926281809
    ],
    "sum_score": 2.684234634248998,
    "mean_score": 0.8947448780829994
  },
  "2": {
    "scores": [
      0.8024879285439342,
      0.7559539077861575,
      0.9156788280727206
    ],
    "sum_score": 2.474120664402812,
    "mean_score": 0.8247068881342706
  },
  "3": {
    "scores": [
      0.709246247431699,
      0.5669524212827086,
      0.7719585882500037
    ],
    "sum_score": 2.0481572569644113,
    "mean_score": 0.6827190856548038
  },
  "4": {
    "scores": [
      0.6228136667296823,
      0.6543378899158663,
      0.7856774322210882
    ],
    "sum_score": 2.062828988866637,
    "mean_score": 0.6876096629555457
  },
  "5": {
    "scores": [
      0.30674175831542927,
      0.7023507377019438,
      0.8296848214194772
    ],
    "sum_score": 1.8387773174368502,
    "mean_score": 0.6129257724789501
  },
  "6": {
    "scores": [
      0.7743781051053423,
      0.5378672012541582,
      0.48155238578028103
    ],
    "sum_score": 1.7937976921397816,
    "mean_score": 0.5979325640465939
  },
  "7": {
    "scores": [
      0.4364114200948031,
      0.2441196381211614,
      0.466042986551783
    ],
    "sum_score": 1.1465740447677475,
    "mean_score": 0.38219134825591583
  }
}