{
  "1": {
    "scores": [
      0.758452296257019,
      0.3290407061576843,
      0.7113778591156006
    ],
    "sum_score": 1.798870861530304,
    "mean_score": 0.5996236205101013
  },
  "2": {
    "scores": [
      0.319175660610199,
      0.6765502095222473,
      0.2851575016975403
    ],
    "sum_score": 1.2808833718299866,
    "mean_score": 0.42696112394332886
  },
  "3": {
    "scores": [
      0.21433952450752258,
      0.7752991914749146,
      0.5121561884880066
    ],
    "sum_score": 1.5017949044704437,
    "mean_score": 0.500598301490148
  },
  "4": {
    "scores": [
      0.3964619040489197,
      0.38642844557762146,
      0.22416630387306213
    ],
    "sum_score": 1.0070566534996033,
    "mean_score": 0.3356855511665344
  },
  "5": {
    "scores": [
      0.2173531949520111,
      0.18751832842826843,
      0.28591209650039673
    ],
    "sum_score": 0.6907836198806763,
    "mean_score": 0.2302612066268921
  },
  "6": {
    "scores": [
      0.6651470065116882,
      0.24673064053058624,
      0.38379186391830444
    ],
    "sum_score": 1.295669510960579,
    "mean_score": 0.4318898369868596
  },
  "7": {
    "scores": [
      0.4289049506187439,
      0.16315461695194244,
      0.3462953567504883
    ],
    "sum_score": 0.9383549243211746,
    "mean_score": 0.31278497477372486
  }
}