{
  "1": {
    "scores": [
      0.8668503165245056,
      0.91209477186203,
      0.7995381951332092
    ],
    "sum_score": 2.578483283519745,
    "mean_score": 0.8594944278399149
  },
  "2": {
    "scores": [
      0.7938127517700195,
      0.7272193431854248,
      0.860633134841919
    ],
    "sum_score": 2.3816652297973633,
    "mean_score": 0.7938884099324545
  },
  "3": {
    "scores": [
      0.6093162298202515,
      0.9064829349517822,
      0.614600419998169
    ],
    "sum_score": 2.1303995847702026,
    "mean_score": 0.7101331949234009
  },
  "4": {
    "scores": [
      0.5394142270088196,
      0.3857736885547638,
      0.6677389740943909
    ],
    "sum_score": 1.5929268896579742,
    "mean_score": 0.5309756298859915
  },
  "5": {
    "scores": [
      0.3164313733577728,
      0.7087962627410889,
      0.6965628266334534
    ],
    "sum_score": 1.721790462732315,
    "mean_score": 0.573930154244105
  },
  "6": {
    "scores": [
      0.7941364049911499,
      0.543550968170166,
      0.4203481674194336
    ],
    "sum_score": 1.7580355405807495,
    "mean_score": 0.5860118468602499
  },
  "7": {
    "scores": [
      0.46123671531677246,
      0.26200759410858154,
      0.8345180749893188
    ],
    "sum_score": 1.5577623844146729,
    "mean_score": 0.5192541281382242
  }
}