{
  "1": {
    "scores": [
      0.6590880472496844,
      0.5006335002196488,
      0.5074939343312195
    ],
    "sum_score": 1.6672154818005527,
    "mean_score": 0.5557384939335176
  },
  "2": {
    "scores": [
      0.5009910726026882,
      0.6506653608604182,
      0.5000518573836042
    ],
    "sum_score": 1.6517082908467104,
    "mean_score": 0.5505694302822368
  },
  "3": {
    "scores": [
      0.47178757512804204,
      0.5000229349186703,
      0.5112830401995764
    ],
    "sum_score": 1.4830935502462887,
    "mean_score": 0.4943645167487629
  },
  "4": {
    "scores": [
      0.06853831248364049,
      0.11037276757130124,
      0.06757912868777867
    ],
    "sum_score": 0.24649020874272037,
    "mean_score": 0.08216340291424012
  },
  "5": {
    "scores": [
      0.0018953941079971944,
      0.27495993585497885,
      0.5002929951889171
    ],
    "sum_score": 0.7771483251518931,
    "mean_score": 0.2590494417172977
  },
  "6": {
    "scores": [
      0.6500016190839124,
      0.1402927874147339,
      0.2988780484618084
    ],
    "sum_score": 1.0891724549604547,
    "mean_score": 0.3630574849868182
  },
  "7": {
    "scores": [
      0.08957827599354076,
      0.09690897904896774,
      0.6101002450231903
    ],
    "sum_score": 0.7965875000656988,
    "mean_score": 0.26552916668856624
  }
}