{
  "mean_score": 0.2294564868456551,
  "total_score": 4.818586223758757,
  "level_scores": {
    "level_1": {
      "scores": [
        0.13936492800712585,
        0.004120183177292347,
        0.11599605530500412
      ],
      "mean_score": 0.08649372216314077
    },
    "level_2": {
      "scores": [
        0.23331107199192047,
        0.04348178207874298,
        0.19752366840839386
      ],
      "mean_score": 0.1581055074930191
    },
    "level_3": {
      "scores": [
        0.5023429989814758,
        0.21530933678150177,
        0.5112828612327576
      ],
      "mean_score": 0.40964506566524506
    },
    "level_4": {
      "scores": [
        0.31574398279190063,
        0.039162527769804,
        0.11174450814723969
      ],
      "mean_score": 0.15555033956964812
    },
    "level_5": {
      "scores": [
        0.02229766547679901,
        0.5491116642951965,
        0.10427837818861008
      ],
      "mean_score": 0.22522923598686853
    },
    "level_6": {
      "scores": [
        0.11931386590003967,
        0.24445050954818726,
        0.25283724069595337
      ],
      "mean_score": 0.2055338720480601
    },
    "level_7": {
      "scores": [
        0.30116111040115356,
        0.17544521391391754,
        0.620306670665741
      ],
      "mean_score": 0.365637664993604
    }
  }
}