{
  "predictor_dir": "results\\vq_sae_lowent_predictor_1",
  "vq_sae_dir": "results\\vq_sae_lowent_1",
  "levels": {
    "1": {
      "scores": [
        0.3570803701877594,
        0.20539790391921997,
        0.16962696611881256
      ],
      "mean_score": 0.24403508007526398
    },
    "2": {
      "scores": [
        0.2227611541748047,
        0.11098434031009674,
        0.02303558588027954
      ],
      "mean_score": 0.11892702678839366
    },
    "3": {
      "scores": [
        0.09472262859344482,
        0.6923220157623291,
        0.5112828612327576
      ],
      "mean_score": 0.4327758351961772
    },
    "4": {
      "scores": [
        0.3421573042869568,
        0.10045356303453445,
        0.06051182746887207
      ],
      "mean_score": 0.1677075649301211
    },
    "5": {
      "scores": [
        0.03217466175556183,
        0.28086262941360474,
        0.05513991042971611
      ],
      "mean_score": 0.12272573386629422
    },
    "6": {
      "scores": [
        0.27037352323532104,
        0.33383679389953613,
        0.1962750405073166
      ],
      "mean_score": 0.26682845254739124
    },
    "7": {
      "scores": [
        0.31589120626449585,
        0.19803619384765625,
        0.20731744170188904
      ],
      "mean_score": 0.24041494727134705
    }
  },
  "mean_score": 0.22763066295356976,
  "total_score": 4.780243922024965
}